<?xml version="1.0" encoding="UTF-8"?>
<project-private xmlns="http://www.netbeans.org/ns/project-private/1">
    <editor-bookmarks xmlns="http://www.netbeans.org/ns/editor-bookmarks/2" lastBookmarkId="0"/>
    <open-files xmlns="http://www.netbeans.org/ns/projectui-open-files/2">
        <group>
            <file>file:/C:/Users/Alumno/Documents/NetBeansProjects/Archivos(2)/src/clases/listar_directorio.java</file>
            <file>file:/C:/Users/Alumno/Documents/NetBeansProjects/Archivos(2)/src/clases/escribir_archivo.java</file>
            <file>file:/C:/Users/Alumno/Documents/NetBeansProjects/Archivos(2)/src/clases/TempFiles.java</file>
            <file>file:/C:/Users/Alumno/Documents/NetBeansProjects/Archivos(2)/src/clases/espacio_disco.java</file>
            <file>file:/C:/Users/Alumno/Documents/NetBeansProjects/Archivos(2)/src/archivos/pkg2/Archivos2.java</file>
        </group>
    </open-files>
</project-private>
